delete from history_events;
delete from component_references;
delete from attachments;
delete from production_requirements;
delete from production_entries;
delete from inventory;
delete from component_sellers;
delete from sellers;
delete from app_settings;
delete from product_versions;
delete from components;
delete from products;

insert into app_settings (id, default_safety_stock) values
  (true, 25);

insert into products (id, name, image) values
  ('10000000-0000-0000-0000-000000000001', 'SAI Spectrum Analyzer', null),
  ('10000000-0000-0000-0000-000000000002', 'SAI Audio Interface', null),
  ('10000000-0000-0000-0000-000000000003', 'SAI Monitor Controller', null),
  ('10000000-0000-0000-0000-000000000004', 'SAI Signal Generator', null);

insert into product_versions (id, product_id, version_number) values
  ('20000000-0000-0000-0000-000000000001', '10000000-0000-0000-0000-000000000001', 'v1'),
  ('20000000-0000-0000-0000-000000000002', '10000000-0000-0000-0000-000000000001', 'v2'),
  ('20000000-0000-0000-0000-000000000003', '10000000-0000-0000-0000-000000000002', 'v1'),
  ('20000000-0000-0000-0000-000000000004', '10000000-0000-0000-0000-000000000003', 'v1'),
  ('20000000-0000-0000-0000-000000000005', '10000000-0000-0000-0000-000000000004', 'v1');

insert into components (id, name, category, producer, value, safety_stock) values
  ('30000000-0000-0000-0000-000000000001', 'Resistor 10k 0603', 'Resistor', 'Yageo', '10k', 200),
  ('30000000-0000-0000-0000-000000000002', 'Resistor 1k 0603', 'Resistor', 'Yageo', '1k', 150),
  ('30000000-0000-0000-0000-000000000003', 'Capacitor 100nF 0603', 'Capacitor', 'Murata', '100nF', 180),
  ('30000000-0000-0000-0000-000000000004', 'Capacitor 10uF 0805', 'Capacitor', 'Murata', '10uF', 120),
  ('30000000-0000-0000-0000-000000000005', 'NE5532 Op Amp', 'IC', 'Texas Instruments', 'NE5532', 30),
  ('30000000-0000-0000-0000-000000000006', 'OPA2134 Op Amp', 'IC', 'Texas Instruments', 'OPA2134', 25),
  ('30000000-0000-0000-0000-000000000007', 'STM32 MCU', 'IC', 'STMicroelectronics', 'STM32F4', 20),
  ('30000000-0000-0000-0000-000000000008', 'OLED Display 128x64', 'Display', 'Raystar', '128x64', 10),
  ('30000000-0000-0000-0000-000000000009', 'Rotary Encoder', 'Mechanical', 'Bourns', 'EC11', 20),
  ('30000000-0000-0000-0000-000000000010', 'XLR Connector Female', 'Connector', 'Neutrik', 'NC3FAH', 15),
  ('30000000-0000-0000-0000-000000000011', 'XLR Connector Male', 'Connector', 'Neutrik', 'NC3MAH', 15),
  ('30000000-0000-0000-0000-000000000012', 'USB-C Connector', 'Connector', 'Amphenol', 'USB-C', 50),
  ('30000000-0000-0000-0000-000000000013', 'LED Green 0603', 'LED', 'Kingbright', 'Green', 150),
  ('30000000-0000-0000-0000-000000000014', 'Relay 5V', 'Relay', 'Omron', 'G6K', 12),
  ('30000000-0000-0000-0000-000000000015', 'Linear Regulator 5V', 'Power', 'Texas Instruments', '7805', 35);

insert into sellers (id, name, base_url, lead_time) values
  ('40000000-0000-0000-0000-000000000001', 'Mouser', 'https://www.mouser.com', 7),
  ('40000000-0000-0000-0000-000000000002', 'Farnell', 'https://fi.farnell.com', 5),
  ('40000000-0000-0000-0000-000000000003', 'TME', 'https://www.tme.eu', 6),
  ('40000000-0000-0000-0000-000000000004', 'RS', 'https://fi.rs-online.com', 4),
  ('40000000-0000-0000-0000-000000000005', 'Local Supplier', 'https://supplier.example.com', 2);

insert into component_sellers (component_id, seller_id, product_url) values
  ('30000000-0000-0000-0000-000000000001', '40000000-0000-0000-0000-000000000001', 'https://www.mouser.com/resistor-10k-0603'),
  ('30000000-0000-0000-0000-000000000001', '40000000-0000-0000-0000-000000000002', 'https://fi.farnell.com/resistor-10k-0603'),
  ('30000000-0000-0000-0000-000000000003', '40000000-0000-0000-0000-000000000001', 'https://www.mouser.com/capacitor-100nf-0603'),
  ('30000000-0000-0000-0000-000000000004', '40000000-0000-0000-0000-000000000003', 'https://www.tme.eu/capacitor-10uf-0805'),
  ('30000000-0000-0000-0000-000000000005', '40000000-0000-0000-0000-000000000001', 'https://www.mouser.com/ne5532'),
  ('30000000-0000-0000-0000-000000000006', '40000000-0000-0000-0000-000000000002', 'https://fi.farnell.com/opa2134'),
  ('30000000-0000-0000-0000-000000000007', '40000000-0000-0000-0000-000000000004', 'https://fi.rs-online.com/stm32f4'),
  ('30000000-0000-0000-0000-000000000008', '40000000-0000-0000-0000-000000000005', 'https://supplier.example.com/oled-128x64'),
  ('30000000-0000-0000-0000-000000000009', '40000000-0000-0000-0000-000000000002', 'https://fi.farnell.com/rotary-encoder'),
  ('30000000-0000-0000-0000-000000000010', '40000000-0000-0000-0000-000000000003', 'https://www.tme.eu/xlr-female'),
  ('30000000-0000-0000-0000-000000000011', '40000000-0000-0000-0000-000000000003', 'https://www.tme.eu/xlr-male'),
  ('30000000-0000-0000-0000-000000000012', '40000000-0000-0000-0000-000000000001', 'https://www.mouser.com/usb-c-connector'),
  ('30000000-0000-0000-0000-000000000013', '40000000-0000-0000-0000-000000000004', 'https://fi.rs-online.com/led-green-0603'),
  ('30000000-0000-0000-0000-000000000014', '40000000-0000-0000-0000-000000000005', 'https://supplier.example.com/relay-5v'),
  ('30000000-0000-0000-0000-000000000015', '40000000-0000-0000-0000-000000000001', 'https://www.mouser.com/7805');

insert into inventory (id, component_id, quantity_available, purchase_price) values
  ('50000000-0000-0000-0000-000000000001', '30000000-0000-0000-0000-000000000001', 5200, 0.0040),
  ('50000000-0000-0000-0000-000000000002', '30000000-0000-0000-0000-000000000002', 4300, 0.0040),
  ('50000000-0000-0000-0000-000000000003', '30000000-0000-0000-0000-000000000003', 3600, 0.0090),
  ('50000000-0000-0000-0000-000000000004', '30000000-0000-0000-0000-000000000004', 1400, 0.0450),
  ('50000000-0000-0000-0000-000000000005', '30000000-0000-0000-0000-000000000005', 180, 1.2000),
  ('50000000-0000-0000-0000-000000000006', '30000000-0000-0000-0000-000000000006', 140, 2.8000),
  ('50000000-0000-0000-0000-000000000007', '30000000-0000-0000-0000-000000000007', 60, 8.2000),
  ('50000000-0000-0000-0000-000000000008', '30000000-0000-0000-0000-000000000008', 25, 10.5000),
  ('50000000-0000-0000-0000-000000000009', '30000000-0000-0000-0000-000000000009', 90, 1.9000),
  ('50000000-0000-0000-0000-000000000010', '30000000-0000-0000-0000-000000000010', 120, 2.5000),
  ('50000000-0000-0000-0000-000000000011', '30000000-0000-0000-0000-000000000011', 120, 2.5000),
  ('50000000-0000-0000-0000-000000000012', '30000000-0000-0000-0000-000000000012', 300, 0.6500),
  ('50000000-0000-0000-0000-000000000013', '30000000-0000-0000-0000-000000000013', 2500, 0.0200),
  ('50000000-0000-0000-0000-000000000014', '30000000-0000-0000-0000-000000000014', 70, 1.7500),
  ('50000000-0000-0000-0000-000000000015', '30000000-0000-0000-0000-000000000015', 190, 0.3200);

insert into attachments (id, version_id, file_path) values
  ('60000000-0000-0000-0000-000000000001', '20000000-0000-0000-0000-000000000001', '/files/sai-spectrum-analyzer-v1-bom.xlsx'),
  ('60000000-0000-0000-0000-000000000002', '20000000-0000-0000-0000-000000000002', '/files/sai-spectrum-analyzer-v2-schematic.pdf'),
  ('60000000-0000-0000-0000-000000000003', '20000000-0000-0000-0000-000000000003', '/files/sai-audio-interface-v1-bom.xlsx'),
  ('60000000-0000-0000-0000-000000000004', '20000000-0000-0000-0000-000000000004', '/files/sai-monitor-controller-v1-assembly.pdf'),
  ('60000000-0000-0000-0000-000000000005', '20000000-0000-0000-0000-000000000005', '/files/sai-signal-generator-v1-bom.xlsx');

insert into component_references (version_id, component_master_id, reference) values
  ('20000000-0000-0000-0000-000000000001', '30000000-0000-0000-0000-000000000001', 'R1'),
  ('20000000-0000-0000-0000-000000000001', '30000000-0000-0000-0000-000000000001', 'R2'),
  ('20000000-0000-0000-0000-000000000001', '30000000-0000-0000-0000-000000000002', 'R3'),
  ('20000000-0000-0000-0000-000000000001', '30000000-0000-0000-0000-000000000003', 'C1'),
  ('20000000-0000-0000-0000-000000000001', '30000000-0000-0000-0000-000000000003', 'C2'),
  ('20000000-0000-0000-0000-000000000001', '30000000-0000-0000-0000-000000000005', 'U1'),
  ('20000000-0000-0000-0000-000000000001', '30000000-0000-0000-0000-000000000008', 'DISP1'),
  ('20000000-0000-0000-0000-000000000001', '30000000-0000-0000-0000-000000000009', 'ENC1'),
  ('20000000-0000-0000-0000-000000000002', '30000000-0000-0000-0000-000000000001', 'R1'),
  ('20000000-0000-0000-0000-000000000002', '30000000-0000-0000-0000-000000000001', 'R2'),
  ('20000000-0000-0000-0000-000000000002', '30000000-0000-0000-0000-000000000003', 'C1'),
  ('20000000-0000-0000-0000-000000000002', '30000000-0000-0000-0000-000000000004', 'C3'),
  ('20000000-0000-0000-0000-000000000002', '30000000-0000-0000-0000-000000000006', 'U1'),
  ('20000000-0000-0000-0000-000000000002', '30000000-0000-0000-0000-000000000007', 'U2'),
  ('20000000-0000-0000-0000-000000000002', '30000000-0000-0000-0000-000000000012', 'J1'),
  ('20000000-0000-0000-0000-000000000003', '30000000-0000-0000-0000-000000000003', 'C1'),
  ('20000000-0000-0000-0000-000000000003', '30000000-0000-0000-0000-000000000003', 'C2'),
  ('20000000-0000-0000-0000-000000000003', '30000000-0000-0000-0000-000000000005', 'U1'),
  ('20000000-0000-0000-0000-000000000003', '30000000-0000-0000-0000-000000000010', 'XLR1'),
  ('20000000-0000-0000-0000-000000000003', '30000000-0000-0000-0000-000000000011', 'XLR2'),
  ('20000000-0000-0000-0000-000000000004', '30000000-0000-0000-0000-000000000001', 'R1'),
  ('20000000-0000-0000-0000-000000000004', '30000000-0000-0000-0000-000000000002', 'R2'),
  ('20000000-0000-0000-0000-000000000004', '30000000-0000-0000-0000-000000000013', 'LED1'),
  ('20000000-0000-0000-0000-000000000004', '30000000-0000-0000-0000-000000000014', 'K1'),
  ('20000000-0000-0000-0000-000000000005', '30000000-0000-0000-0000-000000000001', 'R1'),
  ('20000000-0000-0000-0000-000000000005', '30000000-0000-0000-0000-000000000003', 'C1'),
  ('20000000-0000-0000-0000-000000000005', '30000000-0000-0000-0000-000000000015', 'REG1'),
  ('20000000-0000-0000-0000-000000000005', '30000000-0000-0000-0000-000000000013', 'LED1');

insert into history_events (id, entity_type, entity_id, action_type, summary, old_value, new_value, created_at) values
  ('70000000-0000-0000-0000-000000000001', 'system', null, 'seed', 'Database reset and test inventory seeded', null, '{"default_safety_stock":25}', now() - interval '3 day'),
  ('70000000-0000-0000-0000-000000000002', 'product', '10000000-0000-0000-0000-000000000001', 'create', 'Created product "SAI Spectrum Analyzer"', null, '{"name":"SAI Spectrum Analyzer"}', now() - interval '2 day'),
  ('70000000-0000-0000-0000-000000000003', 'inventory', '50000000-0000-0000-0000-000000000007', 'update', 'Adjusted STM32 MCU stock for testing', '{"quantity_available":48}', '{"quantity_available":60}', now() - interval '1 day'),
  ('70000000-0000-0000-0000-000000000004', 'seller', '40000000-0000-0000-0000-000000000005', 'create', 'Added Local Supplier for display and relay parts', null, '{"name":"Local Supplier","lead_time":2}', now() - interval '12 hour');
